file,ddg,distance,real_motif_ratio
4s0v_receptor_only_dc_aligned_PV-002041859976_14_2.pdb,-16.18523,4.04674360372457,0.25
4s0v_receptor_only_dc_aligned_PV-002041859976_10_0.pdb,-15.383971,6.214948908585379,0.125
4s0v_receptor_only_dc_aligned_PV-002041859976_14_0.pdb,-12.540898,6.695953060450402,0.142857
4s0v_receptor_only_dc_aligned_PV-002041859976_3_0.pdb,-11.406249,5.9685166338864795,0.166667
4s0v_receptor_only_dc_aligned_PV-002041859976_14_1.pdb,-10.200807,10.812723872307824,0.166667
