file,ddg,distance
4s0v_receptor_only_dc_aligned_ZINC000019962213_3_2.pdb,-22.386338,8.92640168836182
4s0v_receptor_only_dc_aligned_ZINC000019962213_3_0.pdb,-16.660951,9.134351977609384
4s0v_receptor_only_dc_aligned_ZINC000019962213_3_3.pdb,-14.061513,6.913889841651362
4s0v_receptor_only_dc_aligned_ZINC000019962213_3_1.pdb,-11.553819,5.340429413611195
