file,ddg,distance,real_motif_ratio
4s0v_receptor_only_dc_aligned_PV-002019780159_13_2.pdb,-16.225474,3.264455845035635,0.111111
4s0v_receptor_only_dc_aligned_PV-002019780159_13_1.pdb,-13.025243,3.051893644186669,0.285714
4s0v_receptor_only_dc_aligned_PV-002019780159_13_0.pdb,-10.849487,2.6360999326491332,0.125
