file,ddg,distance,real_motif_ratio
4s0v_receptor_only_dc_aligned_ZINC000034792556_10_1.pdb,-19.6459,6.346829673111134,0.166667
4s0v_receptor_only_dc_aligned_ZINC000034792556_10_0.pdb,-18.157118,6.262853972845691,0.333333
4s0v_receptor_only_dc_aligned_ZINC000034792556_14_0.pdb,-13.583843,8.515493094460737,0.333333
4s0v_receptor_only_dc_aligned_ZINC000034792556_5_0.pdb,-11.901411,10.122102297712322,0.25
4s0v_receptor_only_dc_aligned_ZINC000034792556_5_1.pdb,-11.127634,7.781384759779121,0.166667
4s0v_receptor_only_dc_aligned_ZINC000034792556_1_0.pdb,-10.827766,7.800132213567585,0.285714
4s0v_receptor_only_dc_aligned_ZINC000034792556_1_1.pdb,-10.255746,11.714177761332733,0.25
