file,ddg,distance,real_motif_ratio
4s0v_receptor_only_dc_aligned_Z49903699_9_2.pdb,-17.598109,2.259526442600243,0.166667
4s0v_receptor_only_dc_aligned_Z49903699_9_6.pdb,-17.349562,2.264575196000143,0.166667
4s0v_receptor_only_dc_aligned_Z49903699_9_0.pdb,-16.887022,3.0774520638049387,0.166667
4s0v_receptor_only_dc_aligned_Z49903699_9_3.pdb,-15.041189,3.286968544935877,0.142857
4s0v_receptor_only_dc_aligned_Z49903699_9_4.pdb,-13.538376,2.1489899826434113,0.166667
4s0v_receptor_only_dc_aligned_Z49903699_9_5.pdb,-12.034723,5.558015168504113,0.142857
4s0v_receptor_only_dc_aligned_Z49903699_9_1.pdb,-10.457077,4.671925566893712,0.166667
