file,ddg,distance,real_motif_ratio
4s0v_receptor_only_dc_aligned_ZINC000004551907_3_0.pdb,-16.442764,1.975397351770029,0.166667
4s0v_receptor_only_dc_aligned_ZINC000004551907_1_0.pdb,-11.549201,10.422283907279311,0.285714
