file,ddg,distance
4s0v_receptor_only_dc_aligned_ZINC000004551907_3_0.pdb,-16.442764,1.975397351770029
4s0v_receptor_only_dc_aligned_ZINC000004551907_1_0.pdb,-11.549201,10.422283907279311
