file,ddg,distance
4s0v_receptor_only_dc_aligned_PV-002013429993_11_0.pdb,-15.94071,5.609798663574586
4s0v_receptor_only_dc_aligned_PV-002013429993_8_0.pdb,-15.844439,3.7146353302976585
4s0v_receptor_only_dc_aligned_PV-002013429993_12_0.pdb,-15.677924,7.277821453450382
