file,ddg,distance,real_motif_ratio
4s0v_receptor_only_dc_aligned_PV-002013429993_11_0.pdb,-15.94071,5.609798663574586,0.083333
4s0v_receptor_only_dc_aligned_PV-002013429993_8_0.pdb,-15.844439,3.7146353302976585,0.166667
