file,ddg,distance,real_motif_ratio
4s0v_receptor_only_dc_aligned_PV-002011198451_3_0.pdb,-15.254078,8.565383801313516,0.375
4s0v_receptor_only_dc_aligned_PV-002011198451_10_0.pdb,-13.959502,4.532131815503605,0.111111
4s0v_receptor_only_dc_aligned_PV-002011198451_11_0.pdb,-13.861705,5.171243673771691,0.166667
4s0v_receptor_only_dc_aligned_PV-002011198451_11_1.pdb,-13.442389,4.594146936016518,0.125
4s0v_receptor_only_dc_aligned_PV-002011198451_8_1.pdb,-11.791626,9.330848612201262,0.166667
4s0v_receptor_only_dc_aligned_PV-002011198451_8_0.pdb,-10.324398,9.578941851485185,0.166667
