file,ddg,distance,real_motif_ratio
4s0v_receptor_only_dc_aligned_Z795143982_4_2.pdb,-14.36055,4.90526564135271,0.25
4s0v_receptor_only_dc_aligned_Z795143982_4_1.pdb,-14.019398,8.197769431703033,0.166667
4s0v_receptor_only_dc_aligned_Z795143982_4_0.pdb,-12.021919,8.902071500715174,0.166667
