file,ddg,distance
4s0v_receptor_only_dc_aligned_Z1865600915_10_0.pdb,-17.201667,5.952512151771904
4s0v_receptor_only_dc_aligned_Z1865600915_7_0.pdb,-13.248229,5.714102845940414
4s0v_receptor_only_dc_aligned_Z1865600915_1_0.pdb,-12.908533,1.9379525293100908
4s0v_receptor_only_dc_aligned_Z1865600915_10_1.pdb,-12.818022,7.617122757160752
