file,ddg,distance,real_motif_ratio
4s0v_receptor_only_dc_aligned_ZINC000040390788_6_5.pdb,-18.817013,2.266993694716186,0.111111
4s0v_receptor_only_dc_aligned_ZINC000040390788_6_6.pdb,-18.636878,2.570897342510257,0.166667
4s0v_receptor_only_dc_aligned_ZINC000040390788_6_8.pdb,-15.518392,3.789001387319536,0.25
4s0v_receptor_only_dc_aligned_ZINC000040390788_6_15.pdb,-15.191066,2.2918299277491383,0.222222
4s0v_receptor_only_dc_aligned_ZINC000040390788_6_7.pdb,-15.117535,3.9885730363606187,0.25
4s0v_receptor_only_dc_aligned_ZINC000040390788_6_16.pdb,-14.376285,7.225233469341843,0.125
4s0v_receptor_only_dc_aligned_ZINC000040390788_6_14.pdb,-14.171554,7.083306140640131,0.166667
4s0v_receptor_only_dc_aligned_ZINC000040390788_6_0.pdb,-14.090405,8.62503899943541,0.142857
4s0v_receptor_only_dc_aligned_ZINC000040390788_6_18.pdb,-13.979072,7.15827153807437,0.285714
4s0v_receptor_only_dc_aligned_ZINC000040390788_6_10.pdb,-13.760764,8.834392964224833,0.285714
4s0v_receptor_only_dc_aligned_ZINC000040390788_6_4.pdb,-13.610789,8.074781678755574,0.285714
4s0v_receptor_only_dc_aligned_ZINC000040390788_6_9.pdb,-13.575041,7.455472170313721,0.142857
4s0v_receptor_only_dc_aligned_ZINC000040390788_6_3.pdb,-13.288061,6.571384104006206,0.285714
4s0v_receptor_only_dc_aligned_ZINC000040390788_6_12.pdb,-13.19955,4.283374772862176,0.428571
4s0v_receptor_only_dc_aligned_ZINC000040390788_6_13.pdb,-13.161561,6.866059331317108,0.166667
4s0v_receptor_only_dc_aligned_ZINC000040390788_6_17.pdb,-13.150244,8.736290815168662,0.333333
4s0v_receptor_only_dc_aligned_ZINC000040390788_6_11.pdb,-11.799636,7.214427716803094,0.142857
4s0v_receptor_only_dc_aligned_ZINC000040390788_6_2.pdb,-11.685056,8.631937337202956,0.285714
4s0v_receptor_only_dc_aligned_ZINC000040390788_6_1.pdb,-10.298936,8.767238312645176,0.166667
