file,ddg,distance
4s0v_receptor_only_dc_aligned_Z913497080_3_0.pdb,-15.294064,7.462704536511517
4s0v_receptor_only_dc_aligned_Z913497080_9_0.pdb,-15.269418,8.367760590124757
4s0v_receptor_only_dc_aligned_Z913497080_14_0.pdb,-14.593291,7.615532421925184
4s0v_receptor_only_dc_aligned_Z913497080_11_0.pdb,-13.841716,5.537585423923153
4s0v_receptor_only_dc_aligned_Z913497080_10_0.pdb,-11.55748,7.817535297137256
4s0v_receptor_only_dc_aligned_Z913497080_14_1.pdb,-9.264894,6.6507006264925685
4s0v_receptor_only_dc_aligned_Z913497080_8_0.pdb,-9.224326,3.6143725064037757
4s0v_receptor_only_dc_aligned_Z913497080_2_0.pdb,-9.116475,9.77029261834385
4s0v_receptor_only_dc_aligned_Z913497080_12_0.pdb,-9.02979,5.729758060931997
